Name,Date & Time,Location,Type,Region,Latitude,Longitude,weather,temperature,wind_speed,wind_direction
Blood Cultures,2/11/2026,Neumos,Music,Capitol Hill / Central District,,,Sunny,53,7 mph,N
Biblioteka,2/12/2026,Neumos,Music,Capitol Hill / Central District,,,Sunny,53,7 mph,N
The Depths of Wikipedia,2/12/2026,The Neptune Theatre,Theatre,University District,,,Sunny,53,7 mph,N
Level Up and Zingara,2/13/2026,The Showbox,Music,Downtown,,,Sunny,53,7 mph,N
Michael Shannon and Jason Narducy,2/13/2026,The Neptune Theatre,Music,University District,,,Sunny,53,7 mph,N
Shame,2/13/2026,Neumos,Music,Capitol Hill / Central District,,,Sunny,53,7 mph,N
Sudan Archives,2/14/2026,The Neptune Theatre,Music,University District,,,Sunny,53,7 mph,N
The Ramona Flowers,2/14/2026,Barboza,Music,Capitol Hill / Central District,,,Sunny,53,7 mph,N
Monty Python’s Spamalot,Now through 2/15/2026,The 5th Avenue Theatre,Theatre,Downtown,,,Sunny,53,7 mph,N
Festal: Tet in Seattle – Vietnamese New Year,2/14/2026 through 2/15/2026,Seattle Center,Festivals & Special Events,Queen Anne / Seattle Center,,,Sunny,53,7 mph,N
Ghost – Skeletour World Tour 2026,2/15/2026,Climate Pledge Arena,Music,Queen Anne / Seattle Center,,,Sunny,53,7 mph,N
Small Yards,2/15/2026,Slim's Last Chance,Music,South Seattle,,,Sunny,53,7 mph,N
The Serpents Tour,2/15/2026,The Neptune Theatre,Theatre,University District,,,Sunny,53,7 mph,N
Annika Wells and Rachel Bochner,2/18/2026,Barboza,Music,Capitol Hill / Central District,,,Sunny,53,7 mph,N
Seattle U Redhawks vs. Saint Mary’s Gaels,2/18/2026,Climate Pledge Arena,Sports,Queen Anne / Seattle Center,,,Sunny,53,7 mph,N
Cristela Alonzo,2/19/2026,The Neptune Theatre,Theatre,University District,,,Sunny,53,7 mph,N
Jordan Ward,2/19/2026,Neumos,Music,Capitol Hill / Central District,,,Sunny,53,7 mph,N
Charley Crockett,2/19/2026 through 2/20/2026,The 5th Avenue Theatre,Music,Downtown,,,Sunny,53,7 mph,N
UPDATING,2/20/2026,The Neptune Theatre,Theatre,University District,,,Sunny,53,7 mph,N
Till We Have Faces,Now through 2/21/2026,Taproot Theatre,Theatre,North Seattle,,,Sunny,53,7 mph,N
BERTHA: Grateful Drag,2/21/2026,The Neptune Theatre,Music,University District,,,Sunny,53,7 mph,N
Weval,2/21/2026,Neumos,Music,Capitol Hill / Central District,,,Sunny,53,7 mph,N
Brains On,2/22/2026,The Neptune Theatre,Theatre,University District,,,Sunny,53,7 mph,N
Cardi B – Little Miss Drama Tour,2/22/2026,Climate Pledge Arena,Music,Queen Anne / Seattle Center,,,Sunny,53,7 mph,N
Suzanne Vega – Flying With Angels,2/22/2026,The Neptune Theatre,Music,University District,,,Sunny,53,7 mph,N
Signs of Life,2/23/2026,The Neptune Theatre,Music,University District,,,Sunny,53,7 mph,N
Clover County,2/24/2026,Barboza,Music,Capitol Hill / Central District,,,Sunny,53,7 mph,N
Ricardo Arjona,2/24/2026,Climate Pledge Arena,Music,Queen Anne / Seattle Center,,,Sunny,53,7 mph,N
Jamie Fine,2/25/2026,Barboza,Music,Capitol Hill / Central District,,,Sunny,53,7 mph,N
Kathleen Edwards,2/25/2026,The Neptune Theatre,Music,University District,,,Sunny,53,7 mph,N
Cold Cave,2/26/2026,The Neptune Theatre,Music,University District,,,Sunny,53,7 mph,N
Jeffrey Lewis and The Voltage,2/26/2026,Barboza,Music,Capitol Hill / Central District,,,Sunny,53,7 mph,N
Capstan,2/27/2026,Neumos,Music,Capitol Hill / Central District,,,Sunny,53,7 mph,N
Justin Furstenfeld,2/27/2026,The Neptune Theatre,Music,University District,,,Sunny,53,7 mph,N
rum.gold,2/27/2026,Barboza,Music,Capitol Hill / Central District,,,Sunny,53,7 mph,N
Alexander Stewart,2/28/2026,Neumos,Music,Capitol Hill / Central District,,,Sunny,53,7 mph,N
Jared Freid,2/28/2026,The Neptune Theatre,Theatre,University District,,,Sunny,53,7 mph,N
Playboy Manbaby,2/28/2026,Barboza,Music,Capitol Hill / Central District,,,Sunny,53,7 mph,N
Seattle Kraken vs. Vancouver Canucks,2/28/2026,Climate Pledge Arena,Sports,Queen Anne / Seattle Center,,,Sunny,53,7 mph,N
"Astra Lumina, an Enchanted Celestial Night Walk",Now through 3/1/2026,Seattle Chinese Garden,Festivals & Special Events,West Seattle,,,Sunny,53,7 mph,N
Fellow Travelers,2/21/2026 through 3/1/2026,Marion Oliver McCaw Hall,Music,Queen Anne / Seattle Center,,,Sunny,53,7 mph,N
Doughboys,3/1/2026,The Neptune Theatre,Theatre,University District,,,Sunny,53,7 mph,N
Wheel,3/2/2026,Barboza,Music,Capitol Hill / Central District,,,Sunny,53,7 mph,N
Badflower,3/3/2026,The Neptune Theatre,Music,University District,,,Sunny,53,7 mph,N
Sons of Legion,3/3/2026 through 3/4/2026,Neumos,Music,Capitol Hill / Central District,,,Sunny,53,7 mph,N
Tigran Hamasyan,3/4/2026,The Neptune Theatre,Music,University District,,,Sunny,53,7 mph,N
KenTheMan,3/5/2026,Neumos,Music,Capitol Hill / Central District,,,Sunny,53,7 mph,N
Tortoise,3/5/2026,The Neptune Theatre,Music,University District,,,Sunny,53,7 mph,N
Uchikubi Gokumon Doukoukai,3/5/2026,El Corazon,Music,Downtown,,,Sunny,53,7 mph,N
The Technicolors,3/6/2026,Barboza,Music,Capitol Hill / Central District,,,Sunny,53,7 mph,N
WWE Monday Night RAW,3/9/2026,Climate Pledge Arena,Festivals & Special Events,Queen Anne / Seattle Center,,,Sunny,53,7 mph,N
Ai Weiwei: Water Lilies,Now through 3/14/2026,Seattle Asian Art Museum,Museums,Capitol Hill / Central District,,,Sunny,53,7 mph,N
Silence Wang,3/14/2026,Climate Pledge Arena,Music,Queen Anne / Seattle Center,,,Sunny,53,7 mph,N
Festal: Irish Festival Seattle,3/14/2026 through 3/15/2026,Seattle Center,Festivals & Special Events,Queen Anne / Seattle Center,,,Sunny,53,7 mph,N
Conan Gray,3/16/2026,Climate Pledge Arena,Music,Queen Anne / Seattle Center,,,Sunny,53,7 mph,N
Susan Meiselas: Crossings,Now through 3/22/2026,Photographic Center Northwest,Visual Arts & Galleries,Capitol Hill / Central District,,,Sunny,53,7 mph,N
Festal: Seattle’s French Fest,3/22/2026,Seattle Center,Festivals & Special Events,Queen Anne / Seattle Center,,,Sunny,53,7 mph,N
The Dinner Detective,Now through 3/28/2026,Crowne Plaza - Seattle,Theatre,Downtown,,,Sunny,53,7 mph,N
Seattle Kraken Pregame at the Armory,Now through 4/4/2026,Seattle Center Armory,Sports,Queen Anne / Seattle Center,,,Sunny,53,7 mph,N
Boren Banner Series: Camille Trautman,Now through 4/12/2026,Frye Art Museum,Museums,Capitol Hill / Central District,,,Sunny,53,7 mph,N
Festal: Seattle Cherry Blossom & Japanese Cultural Festival,4/10/2026 through 4/12/2026,Seattle Center,Festivals & Special Events,Queen Anne / Seattle Center,,,Sunny,53,7 mph,N
U.S. Women’s National Team Match (USA vs Japan),4/14/2026,Lumen Field,Sports,Pioneer Square,,,Sunny,53,7 mph,N
Priscilla Dobler Dzul: Water Carries the Stories of Our Stars,Now through 4/19/2026,Frye Art Museum,Museums,Capitol Hill / Central District,,,Sunny,53,7 mph,N
Ain’t Misbehavin’,3/18/2026 through 4/24/2026,Taproot Theatre,Theatre,North Seattle,,,Sunny,53,7 mph,N
Riding Together: 135 Years of Cycling in Seattle,Now through 4/26/2026,Museum of History & Industry,Museums,Queen Anne / Seattle Center,,,Sunny,53,7 mph,N
Festal: Asian American Native Hawaiian Pacific Islander Heritage Month Celebration,5/2/2026,Seattle Center,Festivals & Special Events,Queen Anne / Seattle Center,,,Sunny,53,7 mph,N
Festal: A Glimpse of China – Seattle Chinese Culture & Arts Festival,5/9/2026,Seattle Center,Festivals & Special Events,Queen Anne / Seattle Center,,,Sunny,53,7 mph,N
Zakir Khan Live,5/9/2026,Climate Pledge Arena,Theatre,Queen Anne / Seattle Center,,,Sunny,53,7 mph,N
Diego Cibelli: Fiori dei mei Habiti,Now through 5/10/2026,Seattle Art Museum,Museums,Downtown,,,Sunny,53,7 mph,N
Diego Cibelli,Now through 5/10/2026,Seattle Art Museum,Museums,Downtown,,,Sunny,53,7 mph,N
Florence + The Machine,5/12/2026,Climate Pledge Arena,Music,Queen Anne / Seattle Center,,,Sunny,53,7 mph,N
Demi Lovato,5/13/2026,Climate Pledge Arena,Music,Queen Anne / Seattle Center,,,Sunny,53,7 mph,N
Festal: Spirit of Africa,5/16/2026,Seattle Center,Festivals & Special Events,Queen Anne / Seattle Center,,,Sunny,53,7 mph,N
Carmen,5/2/2026 through 5/17/2026,Marion Oliver McCaw Hall,Music,Queen Anne / Seattle Center,,,Sunny,53,7 mph,N
Jesus Christ Superstar,5/2/2026 through 5/17/2026,The 5th Avenue Theatre,Theatre,Downtown,,,Sunny,53,7 mph,N
Festal: Pagdiriwang Philippine Festival,6/6/2026 through 6/7/2026,Seattle Center,Festivals & Special Events,Queen Anne / Seattle Center,,,Sunny,53,7 mph,N
Festal: Indigenous People Festival,6/13/2026,Seattle Center,Festivals & Special Events,Queen Anne / Seattle Center,,,Sunny,53,7 mph,N
Barefoot in the Park,5/13/2026 through 6/20/2026,Taproot Theatre,Theatre,North Seattle,,,Sunny,53,7 mph,N
Festal: Seattle Iranian Festival,6/27/2026,Seattle Center,Festivals & Special Events,Queen Anne / Seattle Center,,,Sunny,53,7 mph,N
5 Seconds of Summer,7/2/2026,Climate Pledge Arena,Music,Queen Anne / Seattle Center,,,Sunny,53,7 mph,N
Bite of Seattle,7/24/2026 through 7/26/2026,Seattle Center,Festivals & Special Events,Queen Anne / Seattle Center,,,Sunny,53,7 mph,N
Festál : A Day in Punjab,8/1/2026,Seattle Center Armory,Festivals & Special Events,Queen Anne / Seattle Center,,,Sunny,53,7 mph,N
Festal: Tibet Fest,8/8/2026 through 8/9/2026,Seattle Center,Festivals & Special Events,Queen Anne / Seattle Center,,,Sunny,53,7 mph,N
Joseph and the Amazing Technicolor Dreamcoat,7/8/2026 through 8/15/2026,Taproot Theatre,Theatre,North Seattle,,,Sunny,53,7 mph,N
Festal: BrasilFest,8/16/2026,Seattle Center,Festivals & Special Events,Queen Anne / Seattle Center,,,Sunny,53,7 mph,N
Festival Sundiata presents Black Arts Fest,8/22/2026 through 8/23/2026,Seattle Center Armory,Festivals & Special Events,Queen Anne / Seattle Center,,,Sunny,53,7 mph,N
Festal: Live Aloha Hawaiian Cultural Festival,9/13/2026,Seattle Center,Festivals & Special Events,Queen Anne / Seattle Center,,,Sunny,53,7 mph,N
Festal: Sea Mar Fiestas Patrias,9/19/2026 through 9/20/2026,Seattle Center,Festivals & Special Events,Queen Anne / Seattle Center,,,Sunny,53,7 mph,N
Festal: The Italian Festival,9/26/2026 through 9/27/2026,Seattle Center,Festivals & Special Events,Queen Anne / Seattle Center,,,Sunny,53,7 mph,N
Festal: Croatiafest,10/4/2026,Seattle Center,Festivals & Special Events,Queen Anne / Seattle Center,,,Sunny,53,7 mph,N
Festal: Turkfest,10/10/2026 through 10/11/2026,Seattle Center,Festivals & Special Events,Queen Anne / Seattle Center,,,Sunny,53,7 mph,N
Conscience,9/16/2026 through 10/24/2026,Taproot Theatre,Theatre,North Seattle,,,Sunny,53,7 mph,N
Festal: Dia de Muertos Festival Seattle,10/31/2026 through 11/1/2026,Seattle Center,Festivals & Special Events,Queen Anne / Seattle Center,,,Sunny,53,7 mph,N
Festal: Diwali – Lights of India,11/7/2026,Seattle Center,Festivals & Special Events,Queen Anne / Seattle Center,,,Sunny,53,7 mph,N
Festal: Seattle Hmong New Year,11/14/2026,Seattle Center,Festivals & Special Events,Queen Anne / Seattle Center,,,Sunny,53,7 mph,N
Seattle Christmas Market,11/20/2026 through 12/24/2026,Seattle Center,Festivals & Special Events,Queen Anne / Seattle Center,,,Sunny,53,7 mph,N
2028 NCAA Division I Men’s Basketball First + Second Rounds,3/1/2028,Climate Pledge Arena,Sports,Queen Anne / Seattle Center,,,Sunny,53,7 mph,N
Explore The Market,Ongoing,Pike Place Market,Festivals & Special Events,Downtown,,,Sunny,53,7 mph,N
Olympic Sculpture Park,Ongoing,Olympic Sculpture Park,Visual Arts & Galleries,Downtown,,,Sunny,53,7 mph,N
Infinite Worlds of Science Fiction,Ongoing,MoPOP Museum of Pop Culture,Museums,Queen Anne / Seattle Center,,,Sunny,53,7 mph,N
"Wild Blue Angel: Hendrix Abroad, 1966-70",Ongoing,MoPOP Museum of Pop Culture,Museums,Queen Anne / Seattle Center,,,Sunny,53,7 mph,N
John Grade: Middle Fork,Ongoing,Seattle Art Museum,Museums,Downtown,,,Sunny,53,7 mph,N
Scared to Death: The Thrill of Horror Film,Ongoing,MoPOP Museum of Pop Culture,Museums,Queen Anne / Seattle Center,,,Sunny,53,7 mph,N
Nirvana: Taking Punk To the Masses,Ongoing,MoPOP Museum of Pop Culture,Museums,Queen Anne / Seattle Center,,,Sunny,53,7 mph,N
Vietnam Divided: War Above Southeast Asia,Ongoing,The Museum of Flight,Museums,South Seattle,,,Sunny,53,7 mph,N
Science Fiction and Fantasy Hall of Fame,Ongoing,MoPOP Museum of Pop Culture,Museums,Queen Anne / Seattle Center,,,Sunny,53,7 mph,N
Honoring Our Journey,Ongoing,Wing Luke Museum,Museums,International District,,,Sunny,53,7 mph,N
Great Hall of Washington History,Ongoing,Washington State History Museum,Museums,South,,,Sunny,53,7 mph,N
Humboldt Penguin Exhibit,Ongoing,Woodland Park Zoo,Museums,Wallingford / Greenlake,,,Sunny,53,7 mph,N
Giant Pacific Octopus,Ongoing,Seattle Aquarium,Museums,Downtown,,,Sunny,53,7 mph,N
Meet our Marine Mammals,Ongoing,Seattle Aquarium,Museums,Downtown,,,Sunny,53,7 mph,N
Window on Washington Waters,Ongoing,Seattle Aquarium,Museums,Downtown,,,Sunny,53,7 mph,N
Guitar Gallery,Ongoing,MoPOP Museum of Pop Culture,Museums,Queen Anne / Seattle Center,,,Sunny,53,7 mph,N
Nordic Journeys,Ongoing,National Nordic Museum,Museums,Fremont / Ballard,,,Sunny,53,7 mph,N
Baird’s beaked whale,Ongoing,Burke Museum,Museums,University District,,,Sunny,53,7 mph,N
Amazing Life,Ongoing,Burke Museum,Museums,University District,,,Sunny,53,7 mph,N
Culture is Living,Ongoing,Burke Museum,Museums,University District,,,Sunny,53,7 mph,N
Fossils Uncovered,Ongoing,Burke Museum,Museums,University District,,,Sunny,53,7 mph,N
Northwest Native Art,Ongoing,Burke Museum,Museums,University District,,,Sunny,53,7 mph,N
Our Material World,Ongoing,Burke Museum,Museums,University District,,,Sunny,53,7 mph,N
Apollo,Ongoing,The Museum of Flight,Museums,South Seattle,,,Sunny,53,7 mph,N
Art and Life Along the Northwest Coast,Ongoing,Seattle Art Museum,Museums,Downtown,,,Sunny,53,7 mph,N
Washington: My Home,Ongoing,Washington State History Museum,Museums,South,,,Sunny,53,7 mph,N
Sensory-Friendly Programs,Ongoing,MoPOP Museum of Pop Culture,Festivals & Special Events,Queen Anne / Seattle Center,,,Sunny,53,7 mph,N
Dale Chihuly at Tacoma Art Museum,Ongoing,Tacoma Art Museum,Museums,South,,,Sunny,53,7 mph,N
Porcelain Room,Ongoing,Seattle Art Museum,Museums,Downtown,,,Sunny,53,7 mph,N
Life on the Edge,Ongoing,Seattle Aquarium,Museums,Downtown,,,Sunny,53,7 mph,N
Tropical Pacific,Ongoing,Seattle Aquarium,Museums,Downtown,,,Sunny,53,7 mph,N
Underwater Dome,Ongoing,Seattle Aquarium,Museums,Downtown,,,Sunny,53,7 mph,N
Meet the Animals,Ongoing,Woodland Park Zoo,Museums,Wallingford / Greenlake,,,Sunny,53,7 mph,N
Chihuly Garden and Glass,Ongoing,Chihuly Garden and Glass,Museums,Queen Anne / Seattle Center,,,Sunny,53,7 mph,N
Discover Ancient Coast Salish Culture,Ongoing,Hibulb Cultural Center,Museums,North,,,Sunny,53,7 mph,N
The Original Food and Culture Tour of Pike Place Market,Ongoing,Pike Place Market,Tours & Attractions,Downtown,,,Sunny,53,7 mph,N
Untold Stories: World War II at 75,Ongoing,The Museum of Flight,Museums,South Seattle,,,Sunny,53,7 mph,N
Bezos Center for Innovation,Ongoing,Museum of History & Industry,Museums,Queen Anne / Seattle Center,,,Sunny,53,7 mph,N
Maritime Seattle,Ongoing,Museum of History & Industry,Museums,Queen Anne / Seattle Center,,,Sunny,53,7 mph,N
True Northwest: The Seattle Journey,Ongoing,Museum of History & Industry,Museums,Queen Anne / Seattle Center,,,Sunny,53,7 mph,N
Metaphor into Form: Art in the Era of the Pilchuck Glass School,Ongoing,Tacoma Art Museum,Museums,South,,,Sunny,53,7 mph,N
Winter in the West,Ongoing,Tacoma Art Museum,Museums,South,,,Sunny,53,7 mph,N
Ballard Farmers Market – Sunday,Ongoing,Ballard Farmers Market,Festivals & Special Events,Fremont / Ballard,,,Sunny,53,7 mph,N
Capitol Hill Farmers Market – Sunday,Ongoing,Capitol Hill Farmers Market,Festivals & Special Events,Capitol Hill / Central District,,,Sunny,53,7 mph,N
University District Farmers Market,Ongoing,University District Farmers Market,Festivals & Special Events,University District,,,Sunny,53,7 mph,N
Fremont Sunday Market,Ongoing,Fremont Farmers Market,Festivals & Special Events,Fremont / Ballard,,,Sunny,53,7 mph,N
Chihuly Garden and Glass Gallery Talks & Tours,Ongoing,Chihuly Garden and Glass,Tours & Attractions,Queen Anne / Seattle Center,,,Sunny,53,7 mph,N
Boundless: Stories of Asian Art,Ongoing,Seattle Asian Art Museum,Museums,Capitol Hill / Central District,,,Sunny,53,7 mph,N
Kenzan Tsutakawa-Chinn: Gather,Ongoing,Seattle Asian Art Museum,Museums,Capitol Hill / Central District,,,Sunny,53,7 mph,N
Art Walk Edmonds | Every Third Thursday,Ongoing,Cascadia Art Museum,Visual Arts & Galleries,North,,,Sunny,53,7 mph,N
Show Me Seattle Tours,Ongoing,"Seattle, WA",Tours & Attractions,Downtown,,,Sunny,53,7 mph,N
LeMay – America’s Car Museum,Ongoing,LeMay - America's Car Museum,Museums,South,,,Sunny,53,7 mph,N
History Link Tours,Ongoing,"Seattle, WA",Tours & Attractions,Downtown,,,Sunny,53,7 mph,N
West Seattle Farmers Market – Sundays,Ongoing,West Seattle Farmers Market,Festivals & Special Events,West Seattle,,,Sunny,53,7 mph,N
REMEMBRANCE: The Legacy of Executive Order 9066 in Washington State,Ongoing,Washington State History Museum,Museums,South,,,Sunny,53,7 mph,N
Pioneer Square First Thursday Art Walk,Ongoing,Pioneer Square,Visual Arts & Galleries,Pioneer Square,,,Sunny,53,7 mph,N
Deities and Demons: Supernatural in Japanese Art,Ongoing,Seattle Art Museum,Museums,Downtown,,,Sunny,53,7 mph,N
American Art: The Stories We Carry,Ongoing,Seattle Art Museum,Museums,Downtown,,,Sunny,53,7 mph,N
Massive: The Power of Pop Culture,Ongoing,MoPOP Museum of Pop Culture,Museums,Queen Anne / Seattle Center,,,Sunny,53,7 mph,N
Yirrkala: Art from Australia’s Top End,Ongoing,Seattle Art Museum,Museums,Downtown,,,Sunny,53,7 mph,N
Earthlings and Extraterrestrials: 20 Years of Kids Design Glass,Ongoing,Museum of Glass,Museums,South,,,Sunny,53,7 mph,N
Calder at SAM,Ongoing,Seattle Art Museum,Museums,Downtown,,,Sunny,53,7 mph,N
Docent-Led Museum Tours,Ongoing,National Nordic Museum,Museums,Fremont / Ballard,,,Sunny,53,7 mph,N
